{
"lengthUnit": "mil",
"components": {
	"fields": ["COMPONENT_NO", "COMPONENT_NAME", "LAYER", "X_COORDINATE", "Y_COORDINATE", "ANGLE"],
	"rows": [
		[1, "%E4%B8%B2%E5%8F%A3", "T", 3215, 215, 0],
		[2, "%E5%85%89%E6%B5%81", "T", 2450, 2700, 180],
		[3, "+12V", "T", 590, 1875, 0],
		[4, "CN1", "T", 925, 480, 0],
		[5, "CN2", "T", 1665, 480, 0],
		[6, "DC2", "T", 798.1, 2232.5, 0],
		[7, "flash", "T", 3410, 725, 90],
		[8, "GND1", "T", 590, 1600, 0],
		[9, "H1", "T", 3150, 2090, 270],
		[10, "U3", "T", 2505, 1480, 0],
		[11, "U5", "T", 1410, 1055, 0],
		[12, "U6", "T", 3410, 1285, 180],
		[13, "U12", "T", 590, 950, 90],
		[14, "U13", "T", 1555, 2065, 90]
	]
},
"pins": {
	"fields": ["PIN_NO", "PIN_NAME", "PIN_X", "PIN_Y", "LAYER", "PIN_TYPE", "NET_NAME", "NET_TYPE", "PAD_SHAPE", "PAD_SIZEX", "PAD_SIZEY", "HOLE_SIZE", "PAD_ANGLE"],
	"rows": [
		[1, "%25E4%25B8%25B2%25E5%258F%25A3_1", 3115, 215, "T", "DIP", "GND", "GND", "R", 62, 62, 40.16, 0],
		[2, "%25E4%25B8%25B2%25E5%258F%25A3_1", 3115, 215, "B", "DIP", "GND", "GND", "R", 62, 62, 40.16, 0],
		[3, "%25E4%25B8%25B2%25E5%258F%25A3_2", 3215, 215, "T", "DIP", "PA9", "", "C", 62, 62, 40.16, 0],
		[4, "%25E4%25B8%25B2%25E5%258F%25A3_2", 3215, 215, "B", "DIP", "PA9", "", "C", 62, 62, 40.16, 0],
		[5, "%25E4%25B8%25B2%25E5%258F%25A3_3", 3315, 215, "T", "DIP", "PA10", "", "C", 62, 62, 40.16, 0],
		[6, "%25E4%25B8%25B2%25E5%258F%25A3_3", 3315, 215, "B", "DIP", "PA10", "", "C", 62, 62, 40.16, 0],
		[7, "%25E5%2585%2589%25E6%25B5%2581_1", 2700, 2700, "T", "DIP", "+3.3V", "", "R", 70.87, 70.87, 40.16, 180],
		[8, "%25E5%2585%2589%25E6%25B5%2581_1", 2700, 2700, "B", "DIP", "+3.3V", "", "R", 70.87, 70.87, 40.16, 180],
		[9, "%25E5%2585%2589%25E6%25B5%2581_2", 2600, 2700, "T", "DIP", "GND", "GND", "C", 62.99, 62.99, 40.16, 180],
		[10, "%25E5%2585%2589%25E6%25B5%2581_2", 2600, 2700, "B", "DIP", "GND", "GND", "C", 62.99, 62.99, 40.16, 180],
		[11, "%25E5%2585%2589%25E6%25B5%2581_3", 2500, 2700, "T", "DIP", "PB1", "", "C", 62.99, 62.99, 40.16, 180],
		[12, "%25E5%2585%2589%25E6%25B5%2581_3", 2500, 2700, "B", "DIP", "PB1", "", "C", 62.99, 62.99, 40.16, 180],
		[13, "%25E5%2585%2589%25E6%25B5%2581_4", 2400, 2700, "T", "DIP", "PB0", "", "C", 62.99, 62.99, 40.16, 180],
		[14, "%25E5%2585%2589%25E6%25B5%2581_4", 2400, 2700, "B", "DIP", "PB0", "", "C", 62.99, 62.99, 40.16, 180],
		[15, "%25E5%2585%2589%25E6%25B5%2581_5", 2300, 2700, "T", "DIP", "PA7", "", "C", 62.99, 62.99, 40.16, 180],
		[16, "%25E5%2585%2589%25E6%25B5%2581_5", 2300, 2700, "B", "DIP", "PA7", "", "C", 62.99, 62.99, 40.16, 180],
		[17, "%25E5%2585%2589%25E6%25B5%2581_6", 2200, 2700, "T", "DIP", "PA6", "", "C", 62.99, 62.99, 40.16, 180],
		[18, "%25E5%2585%2589%25E6%25B5%2581_6", 2200, 2700, "B", "DIP", "PA6", "", "C", 62.99, 62.99, 40.16, 180],
		[19, "+12V_1", 540, 1875, "T", "DIP", "$3N3363", "", "R", 70.9, 70.9, 35, 0],
		[20, "+12V_1", 540, 1875, "B", "DIP", "$3N3363", "", "R", 70.9, 70.9, 35, 0],
		[21, "+12V_2", 640, 1875, "T", "DIP", "$3N3363", "", "C", 70.9, 70.9, 35, 0],
		[22, "+12V_2", 640, 1875, "B", "DIP", "$3N3363", "", "C", 70.9, 70.9, 35, 0],
		[23, "CN1_1", 674.99, 480, "T", "DIP", "AM2", "", "R", 70.87, 70.87, 39.37, 0],
		[24, "CN1_1", 674.99, 480, "B", "DIP", "AM2", "", "R", 70.87, 70.87, 39.37, 0],
		[25, "CN1_2", 775, 480, "T", "DIP", "GND", "GND", "C", 70.87, 70.87, 39.37, 0],
		[26, "CN1_2", 775, 480, "B", "DIP", "GND", "GND", "C", 70.87, 70.87, 39.37, 0],
		[27, "CN1_3", 875, 480, "T", "DIP", "PA1", "", "C", 70.87, 70.87, 39.37, 0],
		[28, "CN1_3", 875, 480, "B", "DIP", "PA1", "", "C", 70.87, 70.87, 39.37, 0],
		[29, "CN1_4", 975, 480, "T", "DIP", "PA0", "", "C", 70.87, 70.87, 39.37, 0],
		[30, "CN1_4", 975, 480, "B", "DIP", "PA0", "", "C", 70.87, 70.87, 39.37, 0],
		[31, "CN1_5", 1075, 480, "T", "DIP", "+5V", "", "C", 70.87, 70.87, 39.37, 0],
		[32, "CN1_5", 1075, 480, "B", "DIP", "+5V", "", "C", 70.87, 70.87, 39.37, 0],
		[33, "CN1_6", 1175, 480, "T", "DIP", "AM1", "", "C", 70.87, 70.87, 39.37, 0],
		[34, "CN1_6", 1175, 480, "B", "DIP", "AM1", "", "C", 70.87, 70.87, 39.37, 0],
		[35, "CN2_1", 1414.99, 480, "T", "DIP", "BM2", "", "R", 70.87, 70.87, 39.37, 0],
		[36, "CN2_1", 1414.99, 480, "B", "DIP", "BM2", "", "R", 70.87, 70.87, 39.37, 0],
		[37, "CN2_2", 1515, 480, "T", "DIP", "GND", "GND", "C", 70.87, 70.87, 39.37, 0],
		[38, "CN2_2", 1515, 480, "B", "DIP", "GND", "GND", "C", 70.87, 70.87, 39.37, 0],
		[39, "CN2_3", 1615, 480, "T", "DIP", "PB7", "", "C", 70.87, 70.87, 39.37, 0],
		[40, "CN2_3", 1615, 480, "B", "DIP", "PB7", "", "C", 70.87, 70.87, 39.37, 0],
		[41, "CN2_4", 1715, 480, "T", "DIP", "PB6", "", "C", 70.87, 70.87, 39.37, 0],
		[42, "CN2_4", 1715, 480, "B", "DIP", "PB6", "", "C", 70.87, 70.87, 39.37, 0],
		[43, "CN2_5", 1815, 480, "T", "DIP", "+5V", "", "C", 70.87, 70.87, 39.37, 0],
		[44, "CN2_5", 1815, 480, "B", "DIP", "+5V", "", "C", 70.87, 70.87, 39.37, 0],
		[45, "CN2_6", 1915, 480, "T", "DIP", "BM1", "", "C", 70.87, 70.87, 39.37, 0],
		[46, "CN2_6", 1915, 480, "B", "DIP", "BM1", "", "C", 70.87, 70.87, 39.37, 0],
		[47, "DC2_1", 916.2, 2325, "T", "DIP", "$3N3363", "", "O", 59.1, 165.4, 137.8, 0],
		[48, "DC2_1", 916.2, 2325, "B", "DIP", "$3N3363", "", "O", 59.1, 165.4, 137.8, 0],
		[49, "DC2_2", 680, 2325, "T", "DIP", "GND", "GND", "O", 59.1, 157.5, 129.9, 0],
		[50, "DC2_2", 680, 2325, "B", "DIP", "GND", "GND", "O", 59.1, 157.5, 129.9, 0],
		[51, "DC2_3", 806, 2140, "T", "DIP", "GND", "GND", "O", 157.5, 59.1, 129.9, 0],
		[52, "DC2_3", 806, 2140, "B", "DIP", "GND", "GND", "O", 157.5, 59.1, 129.9, 0],
		[53, "flash_1", 3410, 475, "T", "DIP", "+3.3V", "", "R", 70.87, 70.87, 40.16, 90],
		[54, "flash_1", 3410, 475, "B", "DIP", "+3.3V", "", "R", 70.87, 70.87, 40.16, 90],
		[55, "flash_2", 3410, 575, "T", "DIP", "PA2", "", "C", 62.99, 62.99, 40.16, 90],
		[56, "flash_2", 3410, 575, "B", "DIP", "PA2", "", "C", 62.99, 62.99, 40.16, 90],
		[57, "flash_3", 3410, 675, "T", "DIP", "PA3", "", "C", 62.99, 62.99, 40.16, 90],
		[58, "flash_3", 3410, 675, "B", "DIP", "PA3", "", "C", 62.99, 62.99, 40.16, 90],
		[59, "flash_4", 3410, 775, "T", "DIP", "GND", "GND", "C", 62.99, 62.99, 40.16, 90],
		[60, "flash_4", 3410, 775, "B", "DIP", "GND", "GND", "C", 62.99, 62.99, 40.16, 90],
		[61, "flash_5", 3410, 875, "T", "DIP", "PA4", "", "C", 62.99, 62.99, 40.16, 90],
		[62, "flash_5", 3410, 875, "B", "DIP", "PA4", "", "C", 62.99, 62.99, 40.16, 90],
		[63, "flash_6", 3410, 975, "T", "DIP", "PA5", "", "C", 62.99, 62.99, 40.16, 90],
		[64, "flash_6", 3410, 975, "B", "DIP", "PA5", "", "C", 62.99, 62.99, 40.16, 90],
		[65, "GND1_1", 540, 1600, "T", "DIP", "GND", "GND", "R", 70.9, 70.9, 35, 0],
		[66, "GND1_1", 540, 1600, "B", "DIP", "GND", "GND", "R", 70.9, 70.9, 35, 0],
		[67, "GND1_2", 640, 1600, "T", "DIP", "GND", "GND", "C", 70.9, 70.9, 35, 0],
		[68, "GND1_2", 640, 1600, "B", "DIP", "GND", "GND", "C", 70.9, 70.9, 35, 0],
		[69, "H1_1", 3150, 2540, "T", "DIP", "+5V", "", "R", 62, 66.93, 43.31, 270],
		[70, "H1_1", 3150, 2540, "B", "DIP", "+5V", "", "R", 62, 66.93, 43.31, 270],
		[71, "H1_2", 3150, 2440, "T", "DIP", "GND", "GND", "C", 66.93, 66.93, 43.31, 270],
		[72, "H1_2", 3150, 2440, "B", "DIP", "GND", "GND", "C", 66.93, 66.93, 43.31, 270],
		[73, "H1_3", 3150, 2340, "T", "DIP", "PB4", "", "C", 66.93, 66.93, 43.31, 270],
		[74, "H1_3", 3150, 2340, "B", "DIP", "PB4", "", "C", 66.93, 66.93, 43.31, 270],
		[75, "H1_4", 3150, 2240, "T", "DIP", "PB3", "", "C", 66.93, 66.93, 43.31, 270],
		[76, "H1_4", 3150, 2240, "B", "DIP", "PB3", "", "C", 66.93, 66.93, 43.31, 270],
		[77, "H1_5", 3150, 2140, "T", "DIP", "H1_5", "", "C", 66.93, 66.93, 43.31, 270],
		[78, "H1_5", 3150, 2140, "B", "DIP", "H1_5", "", "C", 66.93, 66.93, 43.31, 270],
		[79, "H1_6", 3150, 2040, "T", "DIP", "H1_6", "", "C", 66.93, 66.93, 43.31, 270],
		[80, "H1_6", 3150, 2040, "B", "DIP", "H1_6", "", "C", 66.93, 66.93, 43.31, 270],
		[81, "H1_7", 3150, 1940, "T", "DIP", "H1_7", "", "C", 66.93, 66.93, 43.31, 270],
		[82, "H1_7", 3150, 1940, "B", "DIP", "H1_7", "", "C", 66.93, 66.93, 43.31, 270],
		[83, "H1_8", 3150, 1840, "T", "DIP", "H1_8", "", "C", 66.93, 66.93, 43.31, 270],
		[84, "H1_8", 3150, 1840, "B", "DIP", "H1_8", "", "C", 66.93, 66.93, 43.31, 270],
		[85, "H1_9", 3150, 1740, "T", "DIP", "H1_9", "", "C", 66.93, 66.93, 43.31, 270],
		[86, "H1_9", 3150, 1740, "B", "DIP", "H1_9", "", "C", 66.93, 66.93, 43.31, 270],
		[87, "H1_10", 3150, 1640, "T", "DIP", "H1_10", "", "C", 66.93, 66.93, 43.31, 270],
		[88, "H1_10", 3150, 1640, "B", "DIP", "H1_10", "", "C", 66.93, 66.93, 43.31, 270],
		[89, "U3_1", 2205, 2430, "T", "DIP", "PB12", "", "R", 63, 63, 41.3, 270],
		[90, "U3_1", 2205, 2430, "B", "DIP", "PB12", "", "R", 63, 63, 41.3, 270],
		[91, "U3_2", 2205, 2330, "T", "DIP", "PB13", "", "C", 63, 63, 41.3, 270],
		[92, "U3_2", 2205, 2330, "B", "DIP", "PB13", "", "C", 63, 63, 41.3, 270],
		[93, "U3_3", 2205, 2230, "T", "DIP", "PB14", "", "C", 63, 63, 41.3, 270],
		[94, "U3_3", 2205, 2230, "B", "DIP", "PB14", "", "C", 63, 63, 41.3, 270],
		[95, "U3_4", 2205, 2130, "T", "DIP", "PB15", "", "C", 63, 63, 41.3, 270],
		[96, "U3_4", 2205, 2130, "B", "DIP", "PB15", "", "C", 63, 63, 41.3, 270],
		[97, "U3_5", 2205, 2030, "T", "DIP", "PA8", "", "C", 63, 63, 41.3, 270],
		[98, "U3_5", 2205, 2030, "B", "DIP", "PA8", "", "C", 63, 63, 41.3, 270],
		[99, "U3_6", 2205, 1930, "T", "DIP", "PA9", "", "C", 63, 63, 41.3, 270],
		[100, "U3_6", 2205, 1930, "B", "DIP", "PA9", "", "C", 63, 63, 41.3, 270],
		[101, "U3_7", 2205, 1830, "T", "DIP", "PA10", "", "C", 63, 63, 41.3, 270],
		[102, "U3_7", 2205, 1830, "B", "DIP", "PA10", "", "C", 63, 63, 41.3, 270],
		[103, "U3_8", 2205, 1730, "T", "DIP", "PA11", "", "C", 63, 63, 41.3, 270],
		[104, "U3_8", 2205, 1730, "B", "DIP", "PA11", "", "C", 63, 63, 41.3, 270],
		[105, "U3_9", 2205, 1630, "T", "DIP", "PA12", "", "C", 63, 63, 41.3, 270],
		[106, "U3_9", 2205, 1630, "B", "DIP", "PA12", "", "C", 63, 63, 41.3, 270],
		[107, "U3_10", 2205, 1530, "T", "DIP", "PA15", "", "C", 63, 63, 41.3, 270],
		[108, "U3_10", 2205, 1530, "B", "DIP", "PA15", "", "C", 63, 63, 41.3, 270],
		[109, "U3_11", 2205, 1430, "T", "DIP", "PB3", "", "C", 63, 63, 41.3, 270],
		[110, "U3_11", 2205, 1430, "B", "DIP", "PB3", "", "C", 63, 63, 41.3, 270],
		[111, "U3_12", 2205, 1330, "T", "DIP", "PB4", "", "C", 63, 63, 41.3, 270],
		[112, "U3_12", 2205, 1330, "B", "DIP", "PB4", "", "C", 63, 63, 41.3, 270],
		[113, "U3_13", 2205, 1230, "T", "DIP", "PB5", "", "C", 63, 63, 41.3, 270],
		[114, "U3_13", 2205, 1230, "B", "DIP", "PB5", "", "C", 63, 63, 41.3, 270],
		[115, "U3_14", 2205, 1130, "T", "DIP", "PB6", "", "C", 63, 63, 41.3, 270],
		[116, "U3_14", 2205, 1130, "B", "DIP", "PB6", "", "C", 63, 63, 41.3, 270],
		[117, "U3_15", 2205, 1030, "T", "DIP", "PB7", "", "C", 63, 63, 41.3, 270],
		[118, "U3_15", 2205, 1030, "B", "DIP", "PB7", "", "C", 63, 63, 41.3, 270],
		[119, "U3_16", 2205, 930, "T", "DIP", "PB8", "", "C", 63, 63, 41.3, 270],
		[120, "U3_16", 2205, 930, "B", "DIP", "PB8", "", "C", 63, 63, 41.3, 270],
		[121, "U3_17", 2205, 830, "T", "DIP", "PB9", "", "C", 63, 63, 41.3, 270],
		[122, "U3_17", 2205, 830, "B", "DIP", "PB9", "", "C", 63, 63, 41.3, 270],
		[123, "U3_18", 2205, 730, "T", "DIP", "+5V", "", "C", 63, 63, 41.3, 270],
		[124, "U3_18", 2205, 730, "B", "DIP", "+5V", "", "C", 63, 63, 41.3, 270],
		[125, "U3_19", 2205, 630, "T", "DIP", "GND", "GND", "C", 63, 63, 41.3, 270],
		[126, "U3_19", 2205, 630, "B", "DIP", "GND", "GND", "C", 63, 63, 41.3, 270],
		[127, "U3_20", 2205, 530, "T", "DIP", "+3.3V", "", "C", 63, 63, 41.3, 270],
		[128, "U3_20", 2205, 530, "B", "DIP", "+3.3V", "", "C", 63, 63, 41.3, 270],
		[129, "U3_21", 2805, 530, "T", "DIP", "$3N13220", "", "C", 63, 63, 41.3, 270],
		[130, "U3_21", 2805, 530, "B", "DIP", "$3N13220", "", "C", 63, 63, 41.3, 270],
		[131, "U3_22", 2805, 630, "T", "DIP", "PC13", "", "C", 63, 63, 41.3, 270],
		[132, "U3_22", 2805, 630, "B", "DIP", "PC13", "", "C", 63, 63, 41.3, 270],
		[133, "U3_23", 2805, 730, "T", "DIP", "PC14", "", "C", 63, 63, 41.3, 270],
		[134, "U3_23", 2805, 730, "B", "DIP", "PC14", "", "C", 63, 63, 41.3, 270],
		[135, "U3_24", 2805, 830, "T", "DIP", "PC15", "", "C", 63, 63, 41.3, 270],
		[136, "U3_24", 2805, 830, "B", "DIP", "PC15", "", "C", 63, 63, 41.3, 270],
		[137, "U3_25", 2805, 930, "T", "DIP", "PA0", "", "C", 63, 63, 41.3, 270],
		[138, "U3_25", 2805, 930, "B", "DIP", "PA0", "", "C", 63, 63, 41.3, 270],
		[139, "U3_26", 2805, 1030, "T", "DIP", "PA1", "", "C", 63, 63, 41.3, 270],
		[140, "U3_26", 2805, 1030, "B", "DIP", "PA1", "", "C", 63, 63, 41.3, 270],
		[141, "U3_27", 2805, 1130, "T", "DIP", "PA2", "", "C", 63, 63, 41.3, 270],
		[142, "U3_27", 2805, 1130, "B", "DIP", "PA2", "", "C", 63, 63, 41.3, 270],
		[143, "U3_28", 2805, 1230, "T", "DIP", "PA3", "", "C", 63, 63, 41.3, 270],
		[144, "U3_28", 2805, 1230, "B", "DIP", "PA3", "", "C", 63, 63, 41.3, 270],
		[145, "U3_29", 2805, 1330, "T", "DIP", "PA4", "", "C", 63, 63, 41.3, 270],
		[146, "U3_29", 2805, 1330, "B", "DIP", "PA4", "", "C", 63, 63, 41.3, 270],
		[147, "U3_30", 2805, 1430, "T", "DIP", "PA5", "", "C", 63, 63, 41.3, 270],
		[148, "U3_30", 2805, 1430, "B", "DIP", "PA5", "", "C", 63, 63, 41.3, 270],
		[149, "U3_31", 2805, 1530, "T", "DIP", "PA6", "", "C", 63, 63, 41.3, 270],
		[150, "U3_31", 2805, 1530, "B", "DIP", "PA6", "", "C", 63, 63, 41.3, 270],
		[151, "U3_32", 2805, 1630, "T", "DIP", "PA7", "", "C", 63, 63, 41.3, 270],
		[152, "U3_32", 2805, 1630, "B", "DIP", "PA7", "", "C", 63, 63, 41.3, 270],
		[153, "U3_33", 2805, 1730, "T", "DIP", "PB0", "", "C", 63, 63, 41.3, 270],
		[154, "U3_33", 2805, 1730, "B", "DIP", "PB0", "", "C", 63, 63, 41.3, 270],
		[155, "U3_34", 2805, 1830, "T", "DIP", "PB1", "", "C", 63, 63, 41.3, 270],
		[156, "U3_34", 2805, 1830, "B", "DIP", "PB1", "", "C", 63, 63, 41.3, 270],
		[157, "U3_35", 2805, 1930, "T", "DIP", "PB10", "", "C", 63, 63, 41.3, 270],
		[158, "U3_35", 2805, 1930, "B", "DIP", "PB10", "", "C", 63, 63, 41.3, 270],
		[159, "U3_36", 2805, 2030, "T", "DIP", "PB11", "", "C", 63, 63, 41.3, 270],
		[160, "U3_36", 2805, 2030, "B", "DIP", "PB11", "", "C", 63, 63, 41.3, 270],
		[161, "U3_37", 2805, 2130, "T", "DIP", "$3N13221", "", "C", 63, 63, 41.3, 270],
		[162, "U3_37", 2805, 2130, "B", "DIP", "$3N13221", "", "C", 63, 63, 41.3, 270],
		[163, "U3_38", 2805, 2230, "T", "DIP", "+3.3V", "", "C", 63, 63, 41.3, 270],
		[164, "U3_38", 2805, 2230, "B", "DIP", "+3.3V", "", "C", 63, 63, 41.3, 270],
		[165, "U3_39", 2805, 2330, "T", "DIP", "GND", "GND", "C", 63, 63, 41.3, 270],
		[166, "U3_39", 2805, 2330, "B", "DIP", "GND", "GND", "C", 63, 63, 41.3, 270],
		[167, "U3_40", 2805, 2430, "T", "DIP", "GND", "GND", "R", 63, 63, 41.3, 270],
		[168, "U3_40", 2805, 2430, "B", "DIP", "GND", "GND", "R", 63, 63, 41.3, 270],
		[169, "U5_1", 1110, 1405, "T", "DIP", "+12V", "", "C", 60, 60, 36, 0],
		[170, "U5_1", 1110, 1405, "B", "DIP", "+12V", "", "C", 60, 60, 36, 0],
		[171, "U5_2", 1110, 1305, "T", "DIP", "+5V", "", "C", 60, 60, 36, 0],
		[172, "U5_2", 1110, 1305, "B", "DIP", "+5V", "", "C", 60, 60, 36, 0],
		[173, "U5_3", 1110, 1205, "T", "DIP", "GND", "GND", "C", 60, 60, 36, 0],
		[174, "U5_3", 1110, 1205, "B", "DIP", "GND", "GND", "C", 60, 60, 36, 0],
		[175, "U5_4", 1110, 1105, "T", "DIP", "AM2", "", "C", 60, 60, 36, 0],
		[176, "U5_4", 1110, 1105, "B", "DIP", "AM2", "", "C", 60, 60, 36, 0],
		[177, "U5_5", 1110, 1005, "T", "DIP", "AM1", "", "C", 60, 60, 36, 0],
		[178, "U5_5", 1110, 1005, "B", "DIP", "AM1", "", "C", 60, 60, 36, 0],
		[179, "U5_6", 1110, 905, "T", "DIP", "BM2", "", "C", 60, 60, 36, 0],
		[180, "U5_6", 1110, 905, "B", "DIP", "BM2", "", "C", 60, 60, 36, 0],
		[181, "U5_7", 1110, 805, "T", "DIP", "BM1", "", "C", 60, 60, 36, 0],
		[182, "U5_7", 1110, 805, "B", "DIP", "BM1", "", "C", 60, 60, 36, 0],
		[183, "U5_8", 1110, 705, "T", "DIP", "GND", "GND", "C", 60, 60, 36, 0],
		[184, "U5_8", 1110, 705, "B", "DIP", "GND", "GND", "C", 60, 60, 36, 0],
		[185, "U5_9", 1700.55, 705, "T", "DIP", "GND", "GND", "C", 60, 60, 36, 0],
		[186, "U5_9", 1700.55, 705, "B", "DIP", "GND", "GND", "C", 60, 60, 36, 0],
		[187, "U5_10", 1700.55, 805, "T", "DIP", "PA8", "", "C", 60, 60, 36, 0],
		[188, "U5_10", 1700.55, 805, "B", "DIP", "PA8", "", "C", 60, 60, 36, 0],
		[189, "U5_11", 1700.55, 905, "T", "DIP", "PB15", "", "C", 60, 60, 36, 0],
		[190, "U5_11", 1700.55, 905, "B", "DIP", "PB15", "", "C", 60, 60, 36, 0],
		[191, "U5_12", 1700.55, 1005, "T", "DIP", "PB14", "", "C", 60, 60, 36, 0],
		[192, "U5_12", 1700.55, 1005, "B", "DIP", "PB14", "", "C", 60, 60, 36, 0],
		[193, "U5_13", 1700.55, 1105, "T", "DIP", "+5V", "", "C", 60, 60, 36, 0],
		[194, "U5_13", 1700.55, 1105, "B", "DIP", "+5V", "", "C", 60, 60, 36, 0],
		[195, "U5_14", 1700.55, 1205, "T", "DIP", "PB13", "", "C", 60, 60, 36, 0],
		[196, "U5_14", 1700.55, 1205, "B", "DIP", "PB13", "", "C", 60, 60, 36, 0],
		[197, "U5_15", 1700.55, 1305, "T", "DIP", "PB12", "", "C", 60, 60, 36, 0],
		[198, "U5_15", 1700.55, 1305, "B", "DIP", "PB12", "", "C", 60, 60, 36, 0],
		[199, "U5_16", 1700.55, 1405, "T", "DIP", "PA11", "", "C", 60, 60, 36, 0],
		[200, "U5_16", 1700.55, 1405, "B", "DIP", "PA11", "", "C", 60, 60, 36, 0],
		[201, "U6_1", 3410, 1435, "T", "DIP", "+5V", "", "R", 66.9, 66.9, 43.3, 270],
		[202, "U6_1", 3410, 1435, "B", "DIP", "+5V", "", "R", 66.9, 66.9, 43.3, 270],
		[203, "U6_2", 3410, 1335, "T", "DIP", "GND", "GND", "C", 66.9, 66.9, 43.3, 270],
		[204, "U6_2", 3410, 1335, "B", "DIP", "GND", "GND", "C", 66.9, 66.9, 43.3, 270],
		[205, "U6_3", 3410, 1235, "T", "DIP", "PB11", "", "C", 66.9, 66.9, 43.3, 270],
		[206, "U6_3", 3410, 1235, "B", "DIP", "PB11", "", "C", 66.9, 66.9, 43.3, 270],
		[207, "U6_4", 3410, 1135, "T", "DIP", "PB10", "", "C", 66.9, 66.9, 43.3, 270],
		[208, "U6_4", 3410, 1135, "B", "DIP", "PB10", "", "C", 66.9, 66.9, 43.3, 270],
		[209, "U12_1", 590, 764.96, "T", "DIP", "+12V", "", "O", 70.87, 110.24, 76.77, 90],
		[210, "U12_1", 590, 764.96, "B", "DIP", "+12V", "", "O", 70.87, 110.24, 76.77, 90],
		[211, "U12_2", 590, 950, "T", "DIP", "$3N3363", "", "O", 70.87, 110.24, 76.77, 90],
		[212, "U12_2", 590, 950, "B", "DIP", "$3N3363", "", "O", 70.87, 110.24, 76.77, 90],
		[213, "U12_3", 590, 1135.04, "T", "DIP", "U12_3", "", "O", 70.87, 110.24, 76.77, 90],
		[214, "U12_3", 590, 1135.04, "B", "DIP", "U12_3", "", "O", 70.87, 110.24, 76.77, 90],
		[215, "U13_1", 1815, 1700, "T", "DIP", "+12V", "", "C", 62.01, 62.01, 35, 90],
		[216, "U13_1", 1815, 1700, "B", "DIP", "+12V", "", "C", 62.01, 62.01, 35, 90],
		[217, "U13_1", 1715, 1700, "T", "DIP", "+12V", "", "C", 62.01, 62.01, 35, 90],
		[218, "U13_1", 1715, 1700, "B", "DIP", "+12V", "", "C", 62.01, 62.01, 35, 90],
		[219, "U13_2", 1295, 1700, "T", "DIP", "GND", "GND", "C", 62.01, 62.01, 35, 90],
		[220, "U13_2", 1295, 1700, "B", "DIP", "GND", "GND", "C", 62.01, 62.01, 35, 90],
		[221, "U13_2", 1395, 1700, "T", "DIP", "GND", "GND", "C", 62.01, 62.01, 35, 90],
		[222, "U13_2", 1395, 1700, "B", "DIP", "GND", "GND", "C", 62.01, 62.01, 35, 90],
		[223, "U13_3", 1715, 2430, "T", "DIP", "+5V", "", "C", 62.01, 62.01, 35, 90],
		[224, "U13_3", 1715, 2430, "B", "DIP", "+5V", "", "C", 62.01, 62.01, 35, 90],
		[225, "U13_3", 1815, 2430, "T", "DIP", "+5V", "", "C", 62.01, 62.01, 35, 90],
		[226, "U13_3", 1815, 2430, "B", "DIP", "+5V", "", "C", 62.01, 62.01, 35, 90],
		[227, "U13_4", 1395, 2430, "T", "DIP", "GND", "GND", "C", 62.01, 62.01, 35, 90],
		[228, "U13_4", 1395, 2430, "B", "DIP", "GND", "GND", "C", 62.01, 62.01, 35, 90],
		[229, "U13_4", 1295, 2430, "T", "DIP", "GND", "GND", "C", 62.01, 62.01, 35, 90],
		[230, "U13_4", 1295, 2430, "B", "DIP", "GND", "GND", "C", 62.01, 62.01, 35, 90]
	]
}
}